{
    "name": "root",
    "metadata": {
        "timer_format_version": "0.1.0",
        "start_time_seconds": "1714893451",
        "python_version": "3.7.9 (tags/v3.7.9:13c94747c7, Aug 17 2020, 18:58:18) [MSC v.1900 64 bit (AMD64)]",
        "command_line_arguments": "D:\\Unity Projects\\TFG\\venv\\Scripts\\mlagents-learn config/UnitAgent.yaml --time-scale=1 --run-id=1",
        "mlagents_version": "0.29.0",
        "mlagents_envs_version": "0.29.0",
        "communication_protocol_version": "1.5.0",
        "pytorch_version": "1.13.1+cpu",
        "numpy_version": "1.21.2",
        "end_time_seconds": "1714893499"
    },
    "total": 47.9614133,
    "count": 1,
    "self": 0.009414700000000664,
    "children": {
        "run_training.setup": {
            "total": 0.30570629999999976,
            "count": 1,
            "self": 0.30570629999999976
        },
        "TrainerController.start_learning": {
            "total": 47.6462923,
            "count": 1,
            "self": 0.0028267999999869176,
            "children": {
                "TrainerController._reset_env": {
                    "total": 10.315328399999999,
                    "count": 1,
                    "self": 10.315328399999999
                },
                "TrainerController.advance": {
                    "total": 36.430748700000024,
                    "count": 54,
                    "self": 0.002068700000002366,
                    "children": {
                        "env_step": {
                            "total": 36.22084430000001,
                            "count": 54,
                            "self": 35.90648960000001,
                            "children": {
                                "SubprocessEnvManager._take_step": {
                                    "total": 0.31325219999998666,
                                    "count": 54,
                                    "self": 0.006012199999986478,
                                    "children": {
                                        "TorchPolicy.evaluate": {
                                            "total": 0.3072400000000002,
                                            "count": 47,
                                            "self": 0.07400789999998203,
                                            "children": {
                                                "TorchPolicy.sample_actions": {
                                                    "total": 0.23323210000001815,
                                                    "count": 47,
                                                    "self": 0.23323210000001815
                                                }
                                            }
                                        }
                                    }
                                },
                                "workers": {
                                    "total": 0.001102500000014217,
                                    "count": 53,
                                    "self": 0.0,
                                    "children": {
                                        "worker_root": {
                                            "total": 18.573428500000013,
                                            "count": 53,
                                            "is_parallel": true,
                                            "self": 1.0625866000000173,
                                            "children": {
                                                "steps_from_proto": {
                                                    "total": 0.0420001999999986,
                                                    "count": 1,
                                                    "is_parallel": true,
                                                    "self": 0.0002715999999995944,
                                                    "children": {
                                                        "_process_rank_one_or_two_observation": {
                                                            "total": 0.041728599999999005,
                                                            "count": 2,
                                                            "is_parallel": true,
                                                            "self": 0.041728599999999005
                                                        }
                                                    }
                                                },
                                                "UnityEnvironment.step": {
                                                    "total": 17.4688417,
                                                    "count": 53,
                                                    "is_parallel": true,
                                                    "self": 0.00806110000002036,
                                                    "children": {
                                                        "UnityEnvironment._generate_step_input": {
                                                            "total": 0.00652939999999802,
                                                            "count": 53,
                                                            "is_parallel": true,
                                                            "self": 0.00652939999999802
                                                        },
                                                        "communicator.exchange": {
                                                            "total": 17.434926699999988,
                                                            "count": 53,
                                                            "is_parallel": true,
                                                            "self": 17.434926699999988
                                                        },
                                                        "steps_from_proto": {
                                                            "total": 0.019324499999994416,
                                                            "count": 53,
                                                            "is_parallel": true,
                                                            "self": 0.010569199999984846,
                                                            "children": {
                                                                "_process_rank_one_or_two_observation": {
                                                                    "total": 0.00875530000000957,
                                                                    "count": 106,
                                                                    "is_parallel": true,
                                                                    "self": 0.00875530000000957
                                                                }
                                                            }
                                                        }
                                                    }
                                                }
                                            }
                                        }
                                    }
                                }
                            }
                        },
                        "trainer_advance": {
                            "total": 0.20783570000001284,
                            "count": 53,
                            "self": 0.002263100000002183,
                            "children": {
                                "process_trajectory": {
                                    "total": 0.20557260000001065,
                                    "count": 53,
                                    "self": 0.20557260000001065
                                }
                            }
                        }
                    }
                },