{
    "name": "root",
    "metadata": {
        "timer_format_version": "0.1.0",
        "start_time_seconds": "1714902743",
        "python_version": "3.7.9 (tags/v3.7.9:13c94747c7, Aug 17 2020, 18:58:18) [MSC v.1900 64 bit (AMD64)]",
        "command_line_arguments": "D:\\Unity Projects\\TFG\\venv\\Scripts\\mlagents-learn config/UnitAgent.yaml --time-scale=1 --run-id=test14",
        "mlagents_version": "0.29.0",
        "mlagents_envs_version": "0.29.0",
        "communication_protocol_version": "1.5.0",
        "pytorch_version": "1.13.1+cpu",
        "numpy_version": "1.21.2",
        "end_time_seconds": "1714902819"
    },
    "total": 75.52228960000001,
    "count": 1,
    "self": 10.033096300000011,
    "children": {
        "run_training.setup": {
            "total": 0.18720529999999957,
            "count": 1,
            "self": 0.18720529999999957
        },
        "TrainerController.start_learning": {
            "total": 65.301988,
            "count": 1,
            "self": 0.004025699999985477,
            "children": {
                "TrainerController._reset_env": {
                    "total": 12.874168700000002,
                    "count": 1,
                    "self": 12.874168700000002
                },
                "TrainerController.advance": {
                    "total": 52.27092100000001,
                    "count": 86,
                    "self": 0.002503100000033953,
                    "children": {
                        "env_step": {
                            "total": 52.2574831,
                            "count": 86,
                            "self": 52.16034989999997,
                            "children": {
                                "SubprocessEnvManager._take_step": {
                                    "total": 0.09560360000003243,
                                    "count": 87,
                                    "self": 0.008498300000013614,
                                    "children": {
                                        "TorchPolicy.evaluate": {
                                            "total": 0.08710530000001881,
                                            "count": 86,
                                            "self": 0.021842600000006485,
                                            "children": {
                                                "TorchPolicy.sample_actions": {
                                                    "total": 0.06526270000001233,
                                                    "count": 86,
                                                    "self": 0.06526270000001233
                                                }
                                            }
                                        }
                                    }
                                },
                                "workers": {
                                    "total": 0.0015295999999942467,
                                    "count": 85,
                                    "self": 0.0,
                                    "children": {
                                        "worker_root": {
                                            "total": 12.957643700000006,
                                            "count": 85,
                                            "is_parallel": true,
                                            "self": 0.24383970000000232,
                                            "children": {
                                                "steps_from_proto": {
                                                    "total": 0.0011914999999991238,
                                                    "count": 2,
                                                    "is_parallel": true,
                                                    "self": 0.0006132000000000914,
                                                    "children": {
                                                        "_process_rank_one_or_two_observation": {
                                                            "total": 0.0005782999999990324,
                                                            "count": 4,
                                                            "is_parallel": true,
                                                            "self": 0.0005782999999990324
                                                        }
                                                    }
                                                },
                                                "UnityEnvironment.step": {
                                                    "total": 12.712612500000004,
                                                    "count": 85,
                                                    "is_parallel": true,
                                                    "self": 0.010173500000000502,
                                                    "children": {
                                                        "UnityEnvironment._generate_step_input": {
                                                            "total": 0.009756300000001161,
                                                            "count": 85,
                                                            "is_parallel": true,
                                                            "self": 0.009756300000001161
                                                        },
                                                        "communicator.exchange": {
                                                            "total": 12.666718100000004,
                                                            "count": 85,
                                                            "is_parallel": true,
                                                            "self": 12.666718100000004
                                                        },
                                                        "steps_from_proto": {
                                                            "total": 0.025964599999998228,
                                                            "count": 85,
                                                            "is_parallel": true,
                                                            "self": 0.013739500000017557,
                                                            "children": {
                                                                "_process_rank_one_or_two_observation": {
                                                                    "total": 0.012225099999980671,
                                                                    "count": 170,
                                                                    "is_parallel": true,
                                                                    "self": 0.012225099999980671
                                                                }
                                                            }
                                                        }
                                                    }
                                                }
                                            }
                                        }
                                    }
                                }
                            }
                        },
                        "trainer_advance": {
                            "total": 0.01093479999997271,
                            "count": 85,
                            "self": 0.0024177999999750455,
                            "children": {
                                "process_trajectory": {
                                    "total": 0.008516999999997665,
                                    "count": 85,
                                    "self": 0.008516999999997665
                                }
                            }
                        }
                    }
                },