{
    "name": "root",
    "metadata": {
        "timer_format_version": "0.1.0",
        "start_time_seconds": "1714904466",
        "python_version": "3.7.9 (tags/v3.7.9:13c94747c7, Aug 17 2020, 18:58:18) [MSC v.1900 64 bit (AMD64)]",
        "command_line_arguments": "D:\\Unity Projects\\TFG\\venv\\Scripts\\mlagents-learn config/UnitAgent.yaml --time-scale=5 --run-id=testRun9",
        "mlagents_version": "0.29.0",
        "mlagents_envs_version": "0.29.0",
        "communication_protocol_version": "1.5.0",
        "pytorch_version": "1.13.1+cpu",
        "numpy_version": "1.21.2",
        "end_time_seconds": "1714904589"
    },
    "total": 122.5440852,
    "count": 1,
    "self": 0.011786199999988867,
    "children": {
        "run_training.setup": {
            "total": 0.16142670000000026,
            "count": 1,
            "self": 0.16142670000000026
        },
        "TrainerController.start_learning": {
            "total": 122.3708723,
            "count": 1,
            "self": 0.006524800000022424,
            "children": {
                "TrainerController._reset_env": {
                    "total": 19.3428964,
                    "count": 1,
                    "self": 19.3428964
                },
                "TrainerController.advance": {
                    "total": 102.72047139999998,
                    "count": 117,
                    "self": 0.0037144999999441097,
                    "children": {
                        "env_step": {
                            "total": 8.771367800000014,
                            "count": 117,
                            "self": 8.638133800000023,
                            "children": {
                                "SubprocessEnvManager._take_step": {
                                    "total": 0.13096459999999865,
                                    "count": 117,
                                    "self": 0.012258599999977804,
                                    "children": {
                                        "TorchPolicy.evaluate": {
                                            "total": 0.11870600000002085,
                                            "count": 113,
                                            "self": 0.02999300000001881,
                                            "children": {
                                                "TorchPolicy.sample_actions": {
                                                    "total": 0.08871300000000204,
                                                    "count": 113,
                                                    "self": 0.08871300000000204
                                                }
                                            }
                                        }
                                    }
                                },
                                "workers": {
                                    "total": 0.0022693999999923165,
                                    "count": 117,
                                    "self": 0.0,
                                    "children": {
                                        "worker_root": {
                                            "total": 8.825080200000023,
                                            "count": 117,
                                            "is_parallel": true,
                                            "self": 0.3598879000000288,
                                            "children": {
                                                "steps_from_proto": {
                                                    "total": 0.0005987999999987892,
                                                    "count": 1,
                                                    "is_parallel": true,
                                                    "self": 0.00030849999999915667,
                                                    "children": {
                                                        "_process_rank_one_or_two_observation": {
                                                            "total": 0.0002902999999996325,
                                                            "count": 2,
                                                            "is_parallel": true,
                                                            "self": 0.0002902999999996325
                                                        }
                                                    }
                                                },
                                                "UnityEnvironment.step": {
                                                    "total": 8.464593499999996,
                                                    "count": 117,
                                                    "is_parallel": true,
                                                    "self": 0.014561100000022975,
                                                    "children": {
                                                        "UnityEnvironment._generate_step_input": {
                                                            "total": 0.01308839999999023,
                                                            "count": 117,
                                                            "is_parallel": true,
                                                            "self": 0.01308839999999023
                                                        },
                                                        "communicator.exchange": {
                                                            "total": 8.400358499999992,
                                                            "count": 117,
                                                            "is_parallel": true,
                                                            "self": 8.400358499999992
                                                        },
                                                        "steps_from_proto": {
                                                            "total": 0.03658549999999039,
                                                            "count": 117,
                                                            "is_parallel": true,
                                                            "self": 0.019403499999981477,
                                                            "children": {
                                                                "_process_rank_one_or_two_observation": {
                                                                    "total": 0.017182000000008912,
                                                                    "count": 234,
                                                                    "is_parallel": true,
                                                                    "self": 0.017182000000008912
                                                                }
                                                            }
                                                        }
                                                    }
                                                }
                                            }
                                        }
                                    }
                                }
                            }
                        },
                        "trainer_advance": {
                            "total": 93.94538910000001,
                            "count": 117,
                            "self": 0.0045750999999967235,
                            "children": {
                                "process_trajectory": {
                                    "total": 0.02746340000001979,
                                    "count": 117,
                                    "self": 0.02746340000001979
                                },