{
    "name": "root",
    "gauges": {
        "UnitAgent.Policy.Entropy.mean": {
            "value": 1.4104020595550537,
            "min": 1.4100251197814941,
            "max": 1.4184156656265259,
            "count": 5
        },
        "UnitAgent.Policy.Entropy.sum": {
            "value": 1438.610107421875,
            "min": 1369.294189453125,
            "max": 1457.91552734375,
            "count": 5
        },
        "UnitAgent.Environment.EpisodeLength.mean": {
            "value": 238.5,
            "min": 13.594202898550725,
            "max": 238.5,
            "count": 5
        },
        "UnitAgent.Environment.EpisodeLength.sum": {
            "value": 954.0,
            "min": 887.0,
            "max": 1063.0,
            "count": 5
        },
        "UnitAgent.Step.mean": {
            "value": 4976.0,
            "min": 991.0,
            "max": 4976.0,
            "count": 5
        },
        "UnitAgent.Step.sum": {
            "value": 4976.0,
            "min": 991.0,
            "max": 4976.0,
            "count": 5
        },
        "UnitAgent.Policy.ExtrinsicValueEstimate.mean": {
            "value": -287.37628173828125,
            "min": -351.9302062988281,
            "max": -38.469947814941406,
            "count": 5
        },
        "UnitAgent.Policy.ExtrinsicValueEstimate.sum": {
            "value": -5460.1494140625,
            "min": -9854.0458984375,
            "max": -2654.426513671875,
            "count": 5
        },
        "UnitAgent.Environment.CumulativeReward.mean": {
            "value": -470.0,
            "min": -481.0,
            "max": -461.8181818181818,
            "count": 5
        },
        "UnitAgent.Environment.CumulativeReward.sum": {
            "value": -2350.0,
            "min": -32110.0,
            "max": -2350.0,
            "count": 5
        },
        "UnitAgent.Policy.ExtrinsicReward.mean": {
            "value": -470.0,
            "min": -481.0,
            "max": -461.8181818181818,
            "count": 5
        },
        "UnitAgent.Policy.ExtrinsicReward.sum": {
            "value": -2350.0,
            "min": -32110.0,
            "max": -2350.0,
            "count": 5
        },
        "UnitAgent.Losses.PolicyLoss.mean": {
            "value": 0.23850809422878486,
            "min": 0.23850809422878486,
            "max": 0.25298046939500485,
            "count": 5
        },
        "UnitAgent.Losses.PolicyLoss.sum": {
            "value": 1.669556659601494,
            "min": 1.669556659601494,
            "max": 2.1773032990943486,
            "count": 5
        },
        "UnitAgent.Losses.ValueLoss.mean": {
            "value": 6799.075293146253,
            "min": 6799.075293146253,
            "max": 141396.4831700797,
            "count": 5
        },
        "UnitAgent.Losses.ValueLoss.sum": {
            "value": 47593.52705202377,
            "min": 47593.52705202377,
            "max": 1131171.8653606377,
            "count": 5
        },
        "UnitAgent.Policy.LearningRate.mean": {
            "value": 2.8637233311428578e-05,
            "min": 2.8637233311428578e-05,
            "max": 0.00026937001020999995,
            "count": 5
        },
        "UnitAgent.Policy.LearningRate.sum": {
            "value": 0.00020046063318000004,
            "min": 0.00020046063318000004,
            "max": 0.0021549600816799996,
            "count": 5
        },
        "UnitAgent.Policy.Epsilon.mean": {
            "value": 0.10954571428571427,
            "min": 0.10954571428571427,
            "max": 0.18979000000000004,
            "count": 5
        },
        "UnitAgent.Policy.Epsilon.sum": {
            "value": 0.76682,
            "min": 0.76682,
            "max": 1.5361800000000003,
            "count": 5
        },
        "UnitAgent.Policy.Beta.mean": {
            "value": 0.0005,
            "min": 0.0005,
            "max": 0.0005,
            "count": 5
        },
        "UnitAgent.Policy.Beta.sum": {
            "value": 0.0035,
            "min": 0.0035,
            "max": 0.0045000000000000005,
            "count": 5
        },
        "UnitAgent.IsTraining.mean": {
            "value": 1.0,
            "min": 1.0,
            "max": 1.0,
            "count": 5
        },
        "UnitAgent.IsTraining.sum": {
            "value": 1.0,
            "min": 1.0,
            "max": 1.0,
            "count": 5
        }
    },
    "metadata": {
        "timer_format_version": "0.1.0",
        "start_time_seconds": "1714905412",
        "python_version": "3.7.9 (tags/v3.7.9:13c94747c7, Aug 17 2020, 18:58:18) [MSC v.1900 64 bit (AMD64)]",
        "command_line_arguments": "D:\\Unity Projects\\TFG\\venv\\Scripts\\mlagents-learn config/UnitAgent.yaml --time-scale=10 --run-id=testRun25",
        "mlagents_version": "0.29.0",
        "mlagents_envs_version": "0.29.0",
        "communication_protocol_version": "1.5.0",
        "pytorch_version": "1.13.1+cpu",
        "numpy_version": "1.21.2",
        "end_time_seconds": "1714905701"
    },
    "total": 288.49616410000004,
    "count": 1,
    "self": 0.01544810000001462,
    "children": {
        "run_training.setup": {
            "total": 0.16397679999999992,
            "count": 1,
            "self": 0.16397679999999992
        },
        "TrainerController.start_learning": {
            "total": 288.31673920000003,
            "count": 1,
            "self": 0.155644200000836,
            "children": {
                "TrainerController._reset_env": {
                    "total": 14.0554874,
                    "count": 1,
                    "self": 14.0554874
                },
                "TrainerController.advance": {
                    "total": 273.94037699999916,
                    "count": 5078,
                    "self": 0.15482929999973294,
                    "children": {
                        "env_step": {
                            "total": 262.48106370000016,
                            "count": 5078,
                            "self": 256.99230520000214,
                            "children": {
                                "SubprocessEnvManager._take_step": {
                                    "total": 5.392169999999425,
                                    "count": 5080,
                                    "self": 0.49631809999933196,
                                    "children": {
                                        "TorchPolicy.evaluate": {
                                            "total": 4.895851900000093,
                                            "count": 5054,
                                            "self": 1.2416641000003104,
                                            "children": {
                                                "TorchPolicy.sample_actions": {
                                                    "total": 3.6541877999997823,
                                                    "count": 5054,
                                                    "self": 3.6541877999997823
                                                }
                                            }
                                        }
                                    }
                                },
                                "workers": {
                                    "total": 0.09658849999859953,
                                    "count": 5078,
                                    "self": 0.0,
                                    "children": {
                                        "worker_root": {
                                            "total": 126.56269200000042,
                                            "count": 5078,
                                            "is_parallel": true,
                                            "self": 24.13867300000095,