{
    "name": "root",
    "metadata": {
        "timer_format_version": "0.1.0",
        "start_time_seconds": "1714902092",
        "python_version": "3.7.9 (tags/v3.7.9:13c94747c7, Aug 17 2020, 18:58:18) [MSC v.1900 64 bit (AMD64)]",
        "command_line_arguments": "D:\\Unity Projects\\TFG\\venv\\Scripts\\mlagents-learn config/UnitAgent.yaml --time-scale=1 --run-id=test12",
        "mlagents_version": "0.29.0",
        "mlagents_envs_version": "0.29.0",
        "communication_protocol_version": "1.5.0",
        "pytorch_version": "1.13.1+cpu",
        "numpy_version": "1.21.2",
        "end_time_seconds": "1714902195"
    },
    "total": 103.7880468,
    "count": 1,
    "self": 0.00970800000000338,
    "children": {
        "run_training.setup": {
            "total": 0.1713541000000003,
            "count": 1,
            "self": 0.1713541000000003
        },
        "TrainerController.start_learning": {
            "total": 103.6069847,
            "count": 1,
            "self": 0.0024451999999826057,
            "children": {
                "TrainerController._reset_env": {
                    "total": 13.3475269,
                    "count": 1,
                    "self": 13.3475269
                },
                "TrainerController.advance": {
                    "total": 90.10006430000001,
                    "count": 50,
                    "self": 0.0019353000000421616,
                    "children": {
                        "env_step": {
                            "total": 90.08685510000001,
                            "count": 50,
                            "self": 90.01253560000002,
                            "children": {
                                "SubprocessEnvManager._take_step": {
                                    "total": 0.07326459999999457,
                                    "count": 51,
                                    "self": 0.00625069999998118,
                                    "children": {
                                        "TorchPolicy.evaluate": {
                                            "total": 0.0670139000000134,
                                            "count": 49,
                                            "self": 0.018679700000010513,
                                            "children": {
                                                "TorchPolicy.sample_actions": {
                                                    "total": 0.04833420000000288,
                                                    "count": 49,
                                                    "self": 0.04833420000000288
                                                }
                                            }
                                        }
                                    }
                                },
                                "workers": {
                                    "total": 0.001054899999996195,
                                    "count": 49,
                                    "self": 0.0,
                                    "children": {
                                        "worker_root": {
                                            "total": 8.805594800000016,
                                            "count": 49,
                                            "is_parallel": true,
                                            "self": 0.18345550000002397,
                                            "children": {
                                                "steps_from_proto": {
                                                    "total": 0.0008686000000004412,
                                                    "count": 2,
                                                    "is_parallel": true,
                                                    "self": 0.00043379999999615393,
                                                    "children": {
                                                        "_process_rank_one_or_two_observation": {
                                                            "total": 0.0004348000000042873,
                                                            "count": 4,
                                                            "is_parallel": true,
                                                            "self": 0.0004348000000042873
                                                        }
                                                    }
                                                },
                                                "UnityEnvironment.step": {
                                                    "total": 8.621270699999991,
                                                    "count": 49,
                                                    "is_parallel": true,
                                                    "self": 0.007472299999994547,
                                                    "children": {
                                                        "UnityEnvironment._generate_step_input": {
                                                            "total": 0.006753100000008061,
                                                            "count": 49,
                                                            "is_parallel": true,
                                                            "self": 0.006753100000008061
                                                        },
                                                        "communicator.exchange": {
                                                            "total": 8.588578499999985,
                                                            "count": 49,
                                                            "is_parallel": true,
                                                            "self": 8.588578499999985
                                                        },
                                                        "steps_from_proto": {
                                                            "total": 0.018466800000004113,
                                                            "count": 49,
                                                            "is_parallel": true,
                                                            "self": 0.009889399999979176,
                                                            "children": {
                                                                "_process_rank_one_or_two_observation": {
                                                                    "total": 0.008577400000024937,
                                                                    "count": 98,
                                                                    "is_parallel": true,
                                                                    "self": 0.008577400000024937
                                                                }
                                                            }
                                                        }
                                                    }
                                                }
                                            }
                                        }
                                    }
                                }
                            }
                        },
                        "trainer_advance": {
                            "total": 0.011273899999956427,
                            "count": 49,
                            "self": 0.0018865999999704286,
                            "children": {
                                "process_trajectory": {
                                    "total": 0.009387299999985999,
                                    "count": 49,
                                    "self": 0.009387299999985999
                                }
                            }
                        }
                    }
                },