{
    "name": "root",
    "metadata": {
        "timer_format_version": "0.1.0",
        "start_time_seconds": "1714905299",
        "python_version": "3.7.9 (tags/v3.7.9:13c94747c7, Aug 17 2020, 18:58:18) [MSC v.1900 64 bit (AMD64)]",
        "command_line_arguments": "D:\\Unity Projects\\TFG\\venv\\Scripts\\mlagents-learn config/UnitAgent.yaml --time-scale=5 --run-id=testRun22",
        "mlagents_version": "0.29.0",
        "mlagents_envs_version": "0.29.0",
        "communication_protocol_version": "1.5.0",
        "pytorch_version": "1.13.1+cpu",
        "numpy_version": "1.21.2",
        "end_time_seconds": "1714905401"
    },
    "total": 101.98586370000001,
    "count": 1,
    "self": 0.009368600000001948,
    "children": {
        "run_training.setup": {
            "total": 0.156304,
            "count": 1,
            "self": 0.156304
        },
        "TrainerController.start_learning": {
            "total": 101.8201911,
            "count": 1,
            "self": 0.017308700000029376,
            "children": {
                "TrainerController._reset_env": {
                    "total": 19.724304800000002,
                    "count": 1,
                    "self": 19.724304800000002
                },
                "TrainerController.advance": {
                    "total": 81.91932919999996,
                    "count": 563,
                    "self": 0.016169699999878162,
                    "children": {
                        "env_step": {
                            "total": 80.82517700000005,
                            "count": 563,
                            "self": 80.27740239999983,
                            "children": {
                                "SubprocessEnvManager._take_step": {
                                    "total": 0.5369494000001609,
                                    "count": 563,
                                    "self": 0.04956580000007804,
                                    "children": {
                                        "TorchPolicy.evaluate": {
                                            "total": 0.48738360000008285,
                                            "count": 519,
                                            "self": 0.12371330000003411,
                                            "children": {
                                                "TorchPolicy.sample_actions": {
                                                    "total": 0.36367030000004874,
                                                    "count": 519,
                                                    "self": 0.36367030000004874
                                                }
                                            }
                                        }
                                    }
                                },
                                "workers": {
                                    "total": 0.010825200000070367,
                                    "count": 562,
                                    "self": 0.0,
                                    "children": {
                                        "worker_root": {
                                            "total": 37.337960200000005,
                                            "count": 562,
                                            "is_parallel": true,
                                            "self": 2.452645400000094,
                                            "children": {
                                                "steps_from_proto": {
                                                    "total": 0.00048749999999841975,
                                                    "count": 1,
                                                    "is_parallel": true,
                                                    "self": 0.0002724999999976774,
                                                    "children": {
                                                        "_process_rank_one_or_two_observation": {
                                                            "total": 0.00021500000000074238,
                                                            "count": 2,
                                                            "is_parallel": true,
                                                            "self": 0.00021500000000074238
                                                        }
                                                    }
                                                },
                                                "UnityEnvironment.step": {
                                                    "total": 34.88482729999991,
                                                    "count": 562,
                                                    "is_parallel": true,
                                                    "self": 0.0671592000001553,
                                                    "children": {
                                                        "UnityEnvironment._generate_step_input": {
                                                            "total": 0.05991999999998754,
                                                            "count": 562,
                                                            "is_parallel": true,
                                                            "self": 0.05991999999998754
                                                        },
                                                        "communicator.exchange": {
                                                            "total": 34.58996199999988,
                                                            "count": 562,
                                                            "is_parallel": true,
                                                            "self": 34.58996199999988
                                                        },
                                                        "steps_from_proto": {
                                                            "total": 0.16778609999989413,
                                                            "count": 562,
                                                            "is_parallel": true,
                                                            "self": 0.08926389999996331,
                                                            "children": {
                                                                "_process_rank_one_or_two_observation": {
                                                                    "total": 0.07852219999993082,
                                                                    "count": 1124,
                                                                    "is_parallel": true,
                                                                    "self": 0.07852219999993082
                                                                }
                                                            }
                                                        }
                                                    }
                                                }
                                            }
                                        }
                                    }
                                }
                            }
                        },
                        "trainer_advance": {
                            "total": 1.077982500000033,
                            "count": 562,
                            "self": 0.020816600000014063,
                            "children": {
                                "process_trajectory": {
                                    "total": 0.16700410000002464,
                                    "count": 562,
                                    "self": 0.16700410000002464
                                },