{
    "name": "root",
    "metadata": {
        "timer_format_version": "0.1.0",
        "start_time_seconds": "1714902608",
        "python_version": "3.7.9 (tags/v3.7.9:13c94747c7, Aug 17 2020, 18:58:18) [MSC v.1900 64 bit (AMD64)]",
        "command_line_arguments": "D:\\Unity Projects\\TFG\\venv\\Scripts\\mlagents-learn config/UnitAgent.yaml --time-scale=1 --run-id=test13",
        "mlagents_version": "0.29.0",
        "mlagents_envs_version": "0.29.0",
        "communication_protocol_version": "1.5.0",
        "pytorch_version": "1.13.1+cpu",
        "numpy_version": "1.21.2",
        "end_time_seconds": "1714902698"
    },
    "total": 90.04622330000001,
    "count": 1,
    "self": 10.010316100000011,
    "children": {
        "run_training.setup": {
            "total": 0.3051293999999998,
            "count": 1,
            "self": 0.3051293999999998
        },
        "TrainerController.start_learning": {
            "total": 79.7307778,
            "count": 1,
            "self": 0.0064045000000163554,
            "children": {
                "TrainerController._reset_env": {
                    "total": 9.8397311,
                    "count": 1,
                    "self": 9.8397311
                },
                "TrainerController.advance": {
                    "total": 69.67655669999998,
                    "count": 162,
                    "self": 0.004439100000055873,
                    "children": {
                        "env_step": {
                            "total": 68.98355109999997,
                            "count": 162,
                            "self": 68.82676509999995,
                            "children": {
                                "SubprocessEnvManager._take_step": {
                                    "total": 0.15413030000000028,
                                    "count": 163,
                                    "self": 0.013963999999990762,
                                    "children": {
                                        "TorchPolicy.evaluate": {
                                            "total": 0.1401663000000095,
                                            "count": 153,
                                            "self": 0.03442959999994599,
                                            "children": {
                                                "TorchPolicy.sample_actions": {
                                                    "total": 0.10573670000006352,
                                                    "count": 153,
                                                    "self": 0.10573670000006352
                                                }
                                            }
                                        }
                                    }
                                },
                                "workers": {
                                    "total": 0.002655700000021355,
                                    "count": 161,
                                    "self": 0.0,
                                    "children": {
                                        "worker_root": {
                                            "total": 36.42951960000002,
                                            "count": 161,
                                            "is_parallel": true,
                                            "self": 1.0698827000000364,
                                            "children": {
                                                "steps_from_proto": {
                                                    "total": 0.0010630000000002582,
                                                    "count": 2,
                                                    "is_parallel": true,
                                                    "self": 0.0005717000000000638,
                                                    "children": {
                                                        "_process_rank_one_or_two_observation": {
                                                            "total": 0.0004913000000001944,
                                                            "count": 4,
                                                            "is_parallel": true,
                                                            "self": 0.0004913000000001944
                                                        }
                                                    }
                                                },
                                                "UnityEnvironment.step": {
                                                    "total": 35.35857389999998,
                                                    "count": 161,
                                                    "is_parallel": true,
                                                    "self": 0.017788999999972077,
                                                    "children": {
                                                        "UnityEnvironment._generate_step_input": {
                                                            "total": 0.017034200000002997,
                                                            "count": 161,
                                                            "is_parallel": true,
                                                            "self": 0.017034200000002997
                                                        },
                                                        "communicator.exchange": {
                                                            "total": 35.27759189999999,
                                                            "count": 161,
                                                            "is_parallel": true,
                                                            "self": 35.27759189999999
                                                        },
                                                        "steps_from_proto": {
                                                            "total": 0.0461588000000166,
                                                            "count": 161,
                                                            "is_parallel": true,
                                                            "self": 0.024712800000015633,
                                                            "children": {
                                                                "_process_rank_one_or_two_observation": {
                                                                    "total": 0.021446000000000964,
                                                                    "count": 322,
                                                                    "is_parallel": true,
                                                                    "self": 0.021446000000000964
                                                                }
                                                            }
                                                        }
                                                    }
                                                }
                                            }
                                        }
                                    }
                                }
                            }
                        },
                        "trainer_advance": {
                            "total": 0.6885664999999577,
                            "count": 161,
                            "self": 0.005242399999964675,
                            "children": {
                                "process_trajectory": {
                                    "total": 0.03113619999999173,
                                    "count": 161,
                                    "self": 0.03113619999999173
                                },