{
    "name": "root",
    "metadata": {
        "timer_format_version": "0.1.0",
        "start_time_seconds": "1714902908",
        "python_version": "3.7.9 (tags/v3.7.9:13c94747c7, Aug 17 2020, 18:58:18) [MSC v.1900 64 bit (AMD64)]",
        "command_line_arguments": "D:\\Unity Projects\\TFG\\venv\\Scripts\\mlagents-learn config/UnitAgent.yaml --time-scale=1 --run-id=testRun1",
        "mlagents_version": "0.29.0",
        "mlagents_envs_version": "0.29.0",
        "communication_protocol_version": "1.5.0",
        "pytorch_version": "1.13.1+cpu",
        "numpy_version": "1.21.2",
        "end_time_seconds": "1714903067"
    },
    "total": 159.893746,
    "count": 1,
    "self": 0.011321100000003526,
    "children": {
        "run_training.setup": {
            "total": 0.22683870000000006,
            "count": 1,
            "self": 0.22683870000000006
        },
        "TrainerController.start_learning": {
            "total": 159.6555862,
            "count": 1,
            "self": 0.02171379999998635,
            "children": {
                "TrainerController._reset_env": {
                    "total": 29.883743100000004,
                    "count": 1,
                    "self": 29.883743100000004
                },
                "TrainerController.advance": {
                    "total": 129.4937645,
                    "count": 783,
                    "self": 0.020670999999850892,
                    "children": {
                        "env_step": {
                            "total": 125.19103110000003,
                            "count": 783,
                            "self": 124.42032320000021,
                            "children": {
                                "SubprocessEnvManager._take_step": {
                                    "total": 0.7573621000000301,
                                    "count": 783,
                                    "self": 0.06928579999991058,
                                    "children": {
                                        "TorchPolicy.evaluate": {
                                            "total": 0.6880763000001195,
                                            "count": 761,
                                            "self": 0.17045970000020816,
                                            "children": {
                                                "TorchPolicy.sample_actions": {
                                                    "total": 0.5176165999999114,
                                                    "count": 761,
                                                    "self": 0.5176165999999114
                                                }
                                            }
                                        }
                                    }
                                },
                                "workers": {
                                    "total": 0.013345799999790131,
                                    "count": 782,
                                    "self": 0.0,
                                    "children": {
                                        "worker_root": {
                                            "total": 65.30256290000003,
                                            "count": 782,
                                            "is_parallel": true,
                                            "self": 6.097403799999952,
                                            "children": {
                                                "steps_from_proto": {
                                                    "total": 0.0006185999999992475,
                                                    "count": 1,
                                                    "is_parallel": true,
                                                    "self": 0.00031579999999920005,
                                                    "children": {
                                                        "_process_rank_one_or_two_observation": {
                                                            "total": 0.0003028000000000475,
                                                            "count": 2,
                                                            "is_parallel": true,
                                                            "self": 0.0003028000000000475
                                                        }
                                                    }
                                                },
                                                "UnityEnvironment.step": {
                                                    "total": 59.20454050000008,
                                                    "count": 782,
                                                    "is_parallel": true,
                                                    "self": 0.08870250000000368,
                                                    "children": {
                                                        "UnityEnvironment._generate_step_input": {
                                                            "total": 0.08798139999986532,
                                                            "count": 782,
                                                            "is_parallel": true,
                                                            "self": 0.08798139999986532
                                                        },
                                                        "communicator.exchange": {
                                                            "total": 58.80228410000015,
                                                            "count": 782,
                                                            "is_parallel": true,
                                                            "self": 58.80228410000015
                                                        },
                                                        "steps_from_proto": {
                                                            "total": 0.22557250000006235,
                                                            "count": 782,
                                                            "is_parallel": true,
                                                            "self": 0.12194320000004666,
                                                            "children": {
                                                                "_process_rank_one_or_two_observation": {
                                                                    "total": 0.10362930000001569,
                                                                    "count": 1564,
                                                                    "is_parallel": true,
                                                                    "self": 0.10362930000001569
                                                                }
                                                            }
                                                        }
                                                    }
                                                }
                                            }
                                        }
                                    }
                                }
                            }
                        },
                        "trainer_advance": {
                            "total": 4.282062400000115,
                            "count": 782,
                            "self": 0.028189000000097053,
                            "children": {
                                "process_trajectory": {
                                    "total": 0.10961940000002812,
                                    "count": 782,
                                    "self": 0.10961940000002812
                                },