{
    "name": "root",
    "metadata": {
        "timer_format_version": "0.1.0",
        "start_time_seconds": "1714900131",
        "python_version": "3.7.9 (tags/v3.7.9:13c94747c7, Aug 17 2020, 18:58:18) [MSC v.1900 64 bit (AMD64)]",
        "command_line_arguments": "D:\\Unity Projects\\TFG\\venv\\Scripts\\mlagents-learn config/UnitAgent.yaml --time-scale=1 --run-id=test1",
        "mlagents_version": "0.29.0",
        "mlagents_envs_version": "0.29.0",
        "communication_protocol_version": "1.5.0",
        "pytorch_version": "1.13.1+cpu",
        "numpy_version": "1.21.2",
        "end_time_seconds": "1714900225"
    },
    "total": 93.3577822,
    "count": 1,
    "self": 0.009713400000009642,
    "children": {
        "run_training.setup": {
            "total": 0.33022579999999735,
            "count": 1,
            "self": 0.33022579999999735
        },
        "TrainerController.start_learning": {
            "total": 93.017843,
            "count": 1,
            "self": 0.0004700999999869282,
            "children": {
                "TrainerController._reset_env": {
                    "total": 15.622476500000001,
                    "count": 1,
                    "self": 15.622476500000001
                },
                "TrainerController.advance": {
                    "total": 76.7313158,
                    "count": 6,
                    "self": 0.00022149999998077874,
                    "children": {
                        "env_step": {
                            "total": 76.73089120000003,
                            "count": 6,
                            "self": 76.47485750000006,
                            "children": {
                                "SubprocessEnvManager._take_step": {
                                    "total": 0.255900699999998,
                                    "count": 6,
                                    "self": 0.0009725000000031514,
                                    "children": {
                                        "TorchPolicy.evaluate": {
                                            "total": 0.25492819999999483,
                                            "count": 6,
                                            "self": 0.042496799999995005,
                                            "children": {
                                                "TorchPolicy.sample_actions": {
                                                    "total": 0.21243139999999983,
                                                    "count": 6,
                                                    "self": 0.21243139999999983
                                                }
                                            }
                                        }
                                    }
                                },
                                "workers": {
                                    "total": 0.00013299999997684608,
                                    "count": 5,
                                    "self": 0.0,
                                    "children": {
                                        "worker_root": {
                                            "total": 3.3056969999999986,
                                            "count": 5,
                                            "is_parallel": true,
                                            "self": 0.7310656999999878,
                                            "children": {
                                                "steps_from_proto": {
                                                    "total": 0.03863270000000085,
                                                    "count": 1,
                                                    "is_parallel": true,
                                                    "self": 0.000268500000000671,
                                                    "children": {
                                                        "_process_rank_one_or_two_observation": {
                                                            "total": 0.03836420000000018,
                                                            "count": 2,
                                                            "is_parallel": true,
                                                            "self": 0.03836420000000018
                                                        }
                                                    }
                                                },
                                                "UnityEnvironment.step": {
                                                    "total": 2.53599860000001,
                                                    "count": 5,
                                                    "is_parallel": true,
                                                    "self": 0.0007958000000130028,
                                                    "children": {
                                                        "UnityEnvironment._generate_step_input": {
                                                            "total": 0.000680999999996601,
                                                            "count": 5,
                                                            "is_parallel": true,
                                                            "self": 0.000680999999996601
                                                        },
                                                        "communicator.exchange": {
                                                            "total": 2.5326360999999977,
                                                            "count": 5,
                                                            "is_parallel": true,
                                                            "self": 2.5326360999999977
                                                        },
                                                        "steps_from_proto": {
                                                            "total": 0.0018857000000025437,
                                                            "count": 5,
                                                            "is_parallel": true,
                                                            "self": 0.0009802000000043165,
                                                            "children": {
                                                                "_process_rank_one_or_two_observation": {
                                                                    "total": 0.0009054999999982272,
                                                                    "count": 10,
                                                                    "is_parallel": true,
                                                                    "self": 0.0009054999999982272
                                                                }
                                                            }
                                                        }
                                                    }
                                                }
                                            }
                                        }
                                    }
                                }
                            }
                        },
                        "trainer_advance": {
                            "total": 0.00020310000000023365,
                            "count": 5,
                            "self": 0.00014049999999343754,
                            "children": {
                                "process_trajectory": {
                                    "total": 6.260000000679611e-05,
                                    "count": 5,
                                    "self": 6.260000000679611e-05
                                }
                            }
                        }
                    }
                },