{
    "name": "root",
    "metadata": {
        "timer_format_version": "0.1.0",
        "start_time_seconds": "1714901818",
        "python_version": "3.7.9 (tags/v3.7.9:13c94747c7, Aug 17 2020, 18:58:18) [MSC v.1900 64 bit (AMD64)]",
        "command_line_arguments": "D:\\Unity Projects\\TFG\\venv\\Scripts\\mlagents-learn config/UnitAgent.yaml --time-scale=1 --run-id=test10",
        "mlagents_version": "0.29.0",
        "mlagents_envs_version": "0.29.0",
        "communication_protocol_version": "1.5.0",
        "pytorch_version": "1.13.1+cpu",
        "numpy_version": "1.21.2",
        "end_time_seconds": "1714901909"
    },
    "total": 91.56120279999999,
    "count": 1,
    "self": 0.010300099999980716,
    "children": {
        "run_training.setup": {
            "total": 0.20982849999999997,
            "count": 1,
            "self": 0.20982849999999997
        },
        "TrainerController.start_learning": {
            "total": 91.34107420000001,
            "count": 1,
            "self": 0.0024769999999847414,
            "children": {
                "TrainerController._reset_env": {
                    "total": 11.5386704,
                    "count": 1,
                    "self": 11.5386704
                },
                "TrainerController.advance": {
                    "total": 79.64814420000002,
                    "count": 74,
                    "self": 0.0019772999999929652,
                    "children": {
                        "env_step": {
                            "total": 79.6437563,
                            "count": 74,
                            "self": 79.5585135,
                            "children": {
                                "SubprocessEnvManager._take_step": {
                                    "total": 0.08401210000001669,
                                    "count": 74,
                                    "self": 0.007267000000021895,
                                    "children": {
                                        "TorchPolicy.evaluate": {
                                            "total": 0.07674509999999479,
                                            "count": 74,
                                            "self": 0.019033499999995485,
                                            "children": {
                                                "TorchPolicy.sample_actions": {
                                                    "total": 0.05771159999999931,
                                                    "count": 74,
                                                    "self": 0.05771159999999931
                                                }
                                            }
                                        }
                                    }
                                },
                                "workers": {
                                    "total": 0.0012306999999864843,
                                    "count": 73,
                                    "self": 0.0,
                                    "children": {
                                        "worker_root": {
                                            "total": 9.634930999999996,
                                            "count": 73,
                                            "is_parallel": true,
                                            "self": 0.21268440000000943,
                                            "children": {
                                                "steps_from_proto": {
                                                    "total": 0.00047419999999931406,
                                                    "count": 1,
                                                    "is_parallel": true,
                                                    "self": 0.00024359999999745696,
                                                    "children": {
                                                        "_process_rank_one_or_two_observation": {
                                                            "total": 0.0002306000000018571,
                                                            "count": 2,
                                                            "is_parallel": true,
                                                            "self": 0.0002306000000018571
                                                        }
                                                    }
                                                },
                                                "UnityEnvironment.step": {
                                                    "total": 9.421772399999988,
                                                    "count": 73,
                                                    "is_parallel": true,
                                                    "self": 0.00858609999996851,
                                                    "children": {
                                                        "UnityEnvironment._generate_step_input": {
                                                            "total": 0.007914400000009536,
                                                            "count": 73,
                                                            "is_parallel": true,
                                                            "self": 0.007914400000009536
                                                        },
                                                        "communicator.exchange": {
                                                            "total": 9.3836283,
                                                            "count": 73,
                                                            "is_parallel": true,
                                                            "self": 9.3836283
                                                        },
                                                        "steps_from_proto": {
                                                            "total": 0.021643600000009755,
                                                            "count": 73,
                                                            "is_parallel": true,
                                                            "self": 0.011305900000008862,
                                                            "children": {
                                                                "_process_rank_one_or_two_observation": {
                                                                    "total": 0.010337700000000893,
                                                                    "count": 146,
                                                                    "is_parallel": true,
                                                                    "self": 0.010337700000000893
                                                                }
                                                            }
                                                        }
                                                    }
                                                }
                                            }
                                        }
                                    }
                                }
                            }
                        },
                        "trainer_advance": {
                            "total": 0.0024106000000188033,
                            "count": 73,
                            "self": 0.001727100000012527,
                            "children": {
                                "process_trajectory": {
                                    "total": 0.0006835000000062763,
                                    "count": 73,
                                    "self": 0.0006835000000062763
                                }
                            }
                        }
                    }
                },