{
    "name": "root",
    "metadata": {
        "timer_format_version": "0.1.0",
        "start_time_seconds": "1714903126",
        "python_version": "3.7.9 (tags/v3.7.9:13c94747c7, Aug 17 2020, 18:58:18) [MSC v.1900 64 bit (AMD64)]",
        "command_line_arguments": "D:\\Unity Projects\\TFG\\venv\\Scripts\\mlagents-learn config/UnitAgent.yaml --time-scale=1 --run-id=testRun2",
        "mlagents_version": "0.29.0",
        "mlagents_envs_version": "0.29.0",
        "communication_protocol_version": "1.5.0",
        "pytorch_version": "1.13.1+cpu",
        "numpy_version": "1.21.2",
        "end_time_seconds": "1714903220"
    },
    "total": 94.5054749,
    "count": 1,
    "self": 0.010522699999995666,
    "children": {
        "run_training.setup": {
            "total": 0.2664609999999996,
            "count": 1,
            "self": 0.2664609999999996
        },
        "TrainerController.start_learning": {
            "total": 94.2284912,
            "count": 1,
            "self": 0.006387200000034454,
            "children": {
                "TrainerController._reset_env": {
                    "total": 11.2561854,
                    "count": 1,
                    "self": 11.2561854
                },
                "TrainerController.advance": {
                    "total": 82.96591699999996,
                    "count": 203,
                    "self": 0.005646299999909843,
                    "children": {
                        "env_step": {
                            "total": 82.1811355,
                            "count": 203,
                            "self": 81.98526730000003,
                            "children": {
                                "SubprocessEnvManager._take_step": {
                                    "total": 0.1923827999999954,
                                    "count": 203,
                                    "self": 0.017084600000037753,
                                    "children": {
                                        "TorchPolicy.evaluate": {
                                            "total": 0.17529819999995766,
                                            "count": 187,
                                            "self": 0.0445827999999846,
                                            "children": {
                                                "TorchPolicy.sample_actions": {
                                                    "total": 0.13071539999997306,
                                                    "count": 187,
                                                    "self": 0.13071539999997306
                                                }
                                            }
                                        }
                                    }
                                },
                                "workers": {
                                    "total": 0.003485399999966887,
                                    "count": 202,
                                    "self": 0.0,
                                    "children": {
                                        "worker_root": {
                                            "total": 76.30250670000007,
                                            "count": 202,
                                            "is_parallel": true,
                                            "self": 1.2974122000001103,
                                            "children": {
                                                "steps_from_proto": {
                                                    "total": 0.000468800000000158,
                                                    "count": 1,
                                                    "is_parallel": true,
                                                    "self": 0.0002309999999994261,
                                                    "children": {
                                                        "_process_rank_one_or_two_observation": {
                                                            "total": 0.00023780000000073187,
                                                            "count": 2,
                                                            "is_parallel": true,
                                                            "self": 0.00023780000000073187
                                                        }
                                                    }
                                                },
                                                "UnityEnvironment.step": {
                                                    "total": 75.00462569999995,
                                                    "count": 202,
                                                    "is_parallel": true,
                                                    "self": 0.022846799999882705,
                                                    "children": {
                                                        "UnityEnvironment._generate_step_input": {
                                                            "total": 0.021082900000051197,
                                                            "count": 202,
                                                            "is_parallel": true,
                                                            "self": 0.021082900000051197
                                                        },
                                                        "communicator.exchange": {
                                                            "total": 74.90211619999995,
                                                            "count": 202,
                                                            "is_parallel": true,
                                                            "self": 74.90211619999995
                                                        },
                                                        "steps_from_proto": {
                                                            "total": 0.05857980000006435,
                                                            "count": 202,
                                                            "is_parallel": true,
                                                            "self": 0.03183250000001614,
                                                            "children": {
                                                                "_process_rank_one_or_two_observation": {
                                                                    "total": 0.026747300000048213,
                                                                    "count": 404,
                                                                    "is_parallel": true,
                                                                    "self": 0.026747300000048213
                                                                }
                                                            }
                                                        }
                                                    }
                                                }
                                            }
                                        }
                                    }
                                }
                            }
                        },
                        "trainer_advance": {
                            "total": 0.7791352000000629,
                            "count": 202,
                            "self": 0.0071356000000584174,
                            "children": {
                                "process_trajectory": {
                                    "total": 0.04436090000000448,
                                    "count": 202,
                                    "self": 0.04436090000000448
                                },
                                "_update_policy": {
                                    "total": 0.7276387,