{
    "name": "root",
    "gauges": {
        "UnitAgent.Policy.Entropy.mean": {
            "value": 1.9267289638519287,
            "min": 1.9267289638519287,
            "max": 2.291964054107666,
            "count": 2
        },
        "UnitAgent.Policy.Entropy.sum": {
            "value": 1863.1468505859375,
            "min": 1863.1468505859375,
            "max": 2379.05859375,
            "count": 2
        },
        "UnitAgent.Environment.EpisodeLength.mean": {
            "value": 6.807142857142857,
            "min": 6.807142857142857,
            "max": 14.689655172413794,
            "count": 2
        },
        "UnitAgent.Environment.EpisodeLength.sum": {
            "value": 953.0,
            "min": 852.0,
            "max": 953.0,
            "count": 2
        },
        "UnitAgent.Step.mean": {
            "value": 1997.0,
            "min": 974.0,
            "max": 1997.0,
            "count": 2
        },
        "UnitAgent.Step.sum": {
            "value": 1997.0,
            "min": 974.0,
            "max": 1997.0,
            "count": 2
        },
        "UnitAgent.Policy.ExtrinsicValueEstimate.mean": {
            "value": -463.8821105957031,
            "min": -463.8821105957031,
            "max": -310.7088317871094,
            "count": 2
        },
        "UnitAgent.Policy.ExtrinsicValueEstimate.sum": {
            "value": -65871.2578125,
            "min": -65871.2578125,
            "max": -20196.07421875,
            "count": 2
        },
        "UnitAgent.Environment.CumulativeReward.mean": {
            "value": -500.0,
            "min": -500.0,
            "max": -500.0,
            "count": 2
        },
        "UnitAgent.Environment.CumulativeReward.sum": {
            "value": -69500.0,
            "min": -69500.0,
            "max": -29000.0,
            "count": 2
        },
        "UnitAgent.Policy.ExtrinsicReward.mean": {
            "value": -500.0,
            "min": -500.0,
            "max": -500.0,
            "count": 2
        },
        "UnitAgent.Policy.ExtrinsicReward.sum": {
            "value": -69500.0,
            "min": -69500.0,
            "max": -29000.0,
            "count": 2
        },
        "UnitAgent.Losses.PolicyLoss.mean": {
            "value": 0.33436536184418947,
            "min": 0.33436536184418947,
            "max": 0.33871667250156556,
            "count": 2
        },
        "UnitAgent.Losses.PolicyLoss.sum": {
            "value": 3.343653618441895,
            "min": 2.7097333800125245,
            "max": 3.343653618441895,
            "count": 2
        },
        "UnitAgent.Losses.ValueLoss.mean": {
            "value": 762.8117675743104,
            "min": 762.8117675743104,
            "max": 3601.3721308986346,
            "count": 2
        },
        "UnitAgent.Losses.ValueLoss.sum": {
            "value": 7628.117675743103,
            "min": 7628.117675743103,
            "max": 28810.977047189077,
            "count": 2
        },
        "UnitAgent.Policy.LearningRate.mean": {
            "value": 0.09969544000030457,
            "min": 0.09969544000030457,
            "max": 0.09989815000010185,
            "count": 2
        },
        "UnitAgent.Policy.LearningRate.sum": {
            "value": 0.9969544000030457,
            "min": 0.7991852000008148,
            "max": 0.9969544000030457,
            "count": 2
        },
        "UnitAgent.Policy.Epsilon.mean": {
            "value": 0.19969544,
            "min": 0.19969544,
            "max": 0.19989815000000002,
            "count": 2
        },
        "UnitAgent.Policy.Epsilon.sum": {
            "value": 1.9969544000000001,
            "min": 1.5991852000000002,
            "max": 1.9969544000000001,
            "count": 2
        },
        "UnitAgent.Policy.Beta.mean": {
            "value": 0.0005000000000000002,
            "min": 0.0005000000000000002,
            "max": 0.0005000000000000002,
            "count": 2
        },
        "UnitAgent.Policy.Beta.sum": {
            "value": 0.005000000000000003,
            "min": 0.004000000000000002,
            "max": 0.005000000000000003,
            "count": 2
        },
        "UnitAgent.IsTraining.mean": {
            "value": 1.0,
            "min": 1.0,
            "max": 1.0,
            "count": 2
        },
        "UnitAgent.IsTraining.sum": {
            "value": 1.0,
            "min": 1.0,
            "max": 1.0,
            "count": 2
        }
    },
    "metadata": {
        "timer_format_version": "0.1.0",
        "start_time_seconds": "1714903234",
        "python_version": "3.7.9 (tags/v3.7.9:13c94747c7, Aug 17 2020, 18:58:18) [MSC v.1900 64 bit (AMD64)]",
        "command_line_arguments": "D:\\Unity Projects\\TFG\\venv\\Scripts\\mlagents-learn config/UnitAgent.yaml --time-scale=10 --run-id=testRun3",
        "mlagents_version": "0.29.0",
        "mlagents_envs_version": "0.29.0",
        "communication_protocol_version": "1.5.0",
        "pytorch_version": "1.13.1+cpu",
        "numpy_version": "1.21.2",
        "end_time_seconds": "1714903449"
    },
    "total": 215.0463258,
    "count": 1,
    "self": 0.042141900000018495,
    "children": {
        "run_training.setup": {
            "total": 0.17375689999999988,
            "count": 1,
            "self": 0.17375689999999988
        },
        "TrainerController.start_learning": {
            "total": 214.830427,
            "count": 1,
            "self": 0.08686870000062186,
            "children": {
                "TrainerController._reset_env": {
                    "total": 14.767661399999998,
                    "count": 1,
                    "self": 14.767661399999998
                },
                "TrainerController.advance": {
                    "total": 199.84494719999938,
                    "count": 2869,
                    "self": 0.08653669999895897,
                    "children": {
                        "env_step": {
                            "total": 179.9104087000004,
                            "count": 2869,
                            "self": 176.8727095000007,
                            "children": {
                                "SubprocessEnvManager._take_step": {
                                    "total": 2.9838600000001563,
                                    "count": 2869,
                                    "self": 0.269580900000264,
                                    "children": {
                                        "TorchPolicy.evaluate": {
                                            "total": 2.7142790999998923,
                                            "count": 2867,
                                            "self": 0.671171300000033,
                                            "children": {
                                                "TorchPolicy.sample_actions": {
                                                    "total": 2.0431077999998593,
                                                    "count": 2867,
                                                    "self": 2.0431077999998593
                                                }
                                            }
                                        }
                                    }
                                },
                                "workers": {
                                    "total": 0.05383919999955822,
                                    "count": 2868,
                                    "self": 0.0,
                                    "children": {
                                        "worker_root": {
                                            "total": 193.52268760000027,
                                            "count": 2868,
                                            "is_parallel": true,
                                            "self": 26.90848430000085,