{
    "name": "root",
    "metadata": {
        "timer_format_version": "0.1.0",
        "start_time_seconds": "1714900527",
        "python_version": "3.7.9 (tags/v3.7.9:13c94747c7, Aug 17 2020, 18:58:18) [MSC v.1900 64 bit (AMD64)]",
        "command_line_arguments": "D:\\Unity Projects\\TFG\\venv\\Scripts\\mlagents-learn config/UnitAgent.yaml --time-scale=1 --run-id=test3",
        "mlagents_version": "0.29.0",
        "mlagents_envs_version": "0.29.0",
        "communication_protocol_version": "1.5.0",
        "pytorch_version": "1.13.1+cpu",
        "numpy_version": "1.21.2",
        "end_time_seconds": "1714900620"
    },
    "total": 93.2587307,
    "count": 1,
    "self": 0.009103200000012635,
    "children": {
        "run_training.setup": {
            "total": 0.14872210000000008,
            "count": 1,
            "self": 0.14872210000000008
        },
        "TrainerController.start_learning": {
            "total": 93.10090539999999,
            "count": 1,
            "self": 0.001930799999968258,
            "children": {
                "TrainerController._reset_env": {
                    "total": 11.8342928,
                    "count": 1,
                    "self": 11.8342928
                },
                "TrainerController.advance": {
                    "total": 81.08298840000002,
                    "count": 57,
                    "self": 0.0017980000000363816,
                    "children": {
                        "env_step": {
                            "total": 80.91054330000001,
                            "count": 57,
                            "self": 80.8451155,
                            "children": {
                                "SubprocessEnvManager._take_step": {
                                    "total": 0.06443430000001626,
                                    "count": 57,
                                    "self": 0.00559200000004445,
                                    "children": {
                                        "TorchPolicy.evaluate": {
                                            "total": 0.058842299999971814,
                                            "count": 57,
                                            "self": 0.014671799999950608,
                                            "children": {
                                                "TorchPolicy.sample_actions": {
                                                    "total": 0.04417050000002121,
                                                    "count": 57,
                                                    "self": 0.04417050000002121
                                                }
                                            }
                                        }
                                    }
                                },
                                "workers": {
                                    "total": 0.0009934999999980931,
                                    "count": 56,
                                    "self": 0.0,
                                    "children": {
                                        "worker_root": {
                                            "total": 10.009648799999981,
                                            "count": 56,
                                            "is_parallel": true,
                                            "self": 0.3295347999999674,
                                            "children": {
                                                "steps_from_proto": {
                                                    "total": 0.0005780000000008556,
                                                    "count": 1,
                                                    "is_parallel": true,
                                                    "self": 0.0002879000000000076,
                                                    "children": {
                                                        "_process_rank_one_or_two_observation": {
                                                            "total": 0.000290100000000848,
                                                            "count": 2,
                                                            "is_parallel": true,
                                                            "self": 0.000290100000000848
                                                        }
                                                    }
                                                },
                                                "UnityEnvironment.step": {
                                                    "total": 9.679536000000013,
                                                    "count": 56,
                                                    "is_parallel": true,
                                                    "self": 0.006357099999988236,
                                                    "children": {
                                                        "UnityEnvironment._generate_step_input": {
                                                            "total": 0.006344300000014513,
                                                            "count": 56,
                                                            "is_parallel": true,
                                                            "self": 0.006344300000014513
                                                        },
                                                        "communicator.exchange": {
                                                            "total": 9.650094000000006,
                                                            "count": 56,
                                                            "is_parallel": true,
                                                            "self": 9.650094000000006
                                                        },
                                                        "steps_from_proto": {
                                                            "total": 0.01674060000000388,
                                                            "count": 56,
                                                            "is_parallel": true,
                                                            "self": 0.008977300000029942,
                                                            "children": {
                                                                "_process_rank_one_or_two_observation": {
                                                                    "total": 0.007763299999973938,
                                                                    "count": 112,
                                                                    "is_parallel": true,
                                                                    "self": 0.007763299999973938
                                                                }
                                                            }
                                                        }
                                                    }
                                                }
                                            }
                                        }
                                    }
                                }
                            }
                        },
                        "trainer_advance": {
                            "total": 0.1706470999999734,
                            "count": 56,
                            "self": 0.0016655999999777293,
                            "children": {
                                "process_trajectory": {
                                    "total": 0.16898149999999568,
                                    "count": 56,
                                    "self": 0.16898149999999568
                                }
                            }
                        }
                    }
                },