{
    "name": "root",
    "metadata": {
        "timer_format_version": "0.1.0",
        "start_time_seconds": "1714901066",
        "python_version": "3.7.9 (tags/v3.7.9:13c94747c7, Aug 17 2020, 18:58:18) [MSC v.1900 64 bit (AMD64)]",
        "command_line_arguments": "D:\\Unity Projects\\TFG\\venv\\Scripts\\mlagents-learn config/UnitAgent.yaml --time-scale=1 --run-id=test7",
        "mlagents_version": "0.29.0",
        "mlagents_envs_version": "0.29.0",
        "communication_protocol_version": "1.5.0",
        "pytorch_version": "1.13.1+cpu",
        "numpy_version": "1.21.2",
        "end_time_seconds": "1714901220"
    },
    "total": 153.8361373,
    "count": 1,
    "self": 0.012897500000008222,
    "children": {
        "run_training.setup": {
            "total": 0.16850390000000015,
            "count": 1,
            "self": 0.16850390000000015
        },
        "TrainerController.start_learning": {
            "total": 153.6547359,
            "count": 1,
            "self": 0.001299200000005385,
            "children": {
                "TrainerController._reset_env": {
                    "total": 17.825016,
                    "count": 1,
                    "self": 17.825016
                },
                "TrainerController.advance": {
                    "total": 135.64428289999998,
                    "count": 34,
                    "self": 0.0011017000000492772,
                    "children": {
                        "env_step": {
                            "total": 135.63527529999993,
                            "count": 34,
                            "self": 135.59552419999994,
                            "children": {
                                "SubprocessEnvManager._take_step": {
                                    "total": 0.039115100000032044,
                                    "count": 35,
                                    "self": 0.003514300000023951,
                                    "children": {
                                        "TorchPolicy.evaluate": {
                                            "total": 0.03560080000000809,
                                            "count": 34,
                                            "self": 0.008981600000048218,
                                            "children": {
                                                "TorchPolicy.sample_actions": {
                                                    "total": 0.026619199999959875,
                                                    "count": 34,
                                                    "self": 0.026619199999959875
                                                }
                                            }
                                        }
                                    }
                                },
                                "workers": {
                                    "total": 0.0006359999999467902,
                                    "count": 33,
                                    "self": 0.0,
                                    "children": {
                                        "worker_root": {
                                            "total": 10.355690800000009,
                                            "count": 33,
                                            "is_parallel": true,
                                            "self": 0.11308509999999927,
                                            "children": {
                                                "steps_from_proto": {
                                                    "total": 0.001014299999997803,
                                                    "count": 2,
                                                    "is_parallel": true,
                                                    "self": 0.000520400000002752,
                                                    "children": {
                                                        "_process_rank_one_or_two_observation": {
                                                            "total": 0.0004938999999950511,
                                                            "count": 4,
                                                            "is_parallel": true,
                                                            "self": 0.0004938999999950511
                                                        }
                                                    }
                                                },
                                                "UnityEnvironment.step": {
                                                    "total": 10.241591400000011,
                                                    "count": 33,
                                                    "is_parallel": true,
                                                    "self": 0.004144900000014218,
                                                    "children": {
                                                        "UnityEnvironment._generate_step_input": {
                                                            "total": 0.003695000000000448,
                                                            "count": 33,
                                                            "is_parallel": true,
                                                            "self": 0.003695000000000448
                                                        },
                                                        "communicator.exchange": {
                                                            "total": 10.223572499999982,
                                                            "count": 33,
                                                            "is_parallel": true,
                                                            "self": 10.223572499999982
                                                        },
                                                        "steps_from_proto": {
                                                            "total": 0.010179000000015037,
                                                            "count": 33,
                                                            "is_parallel": true,
                                                            "self": 0.005502900000028177,
                                                            "children": {
                                                                "_process_rank_one_or_two_observation": {
                                                                    "total": 0.00467609999998686,
                                                                    "count": 66,
                                                                    "is_parallel": true,
                                                                    "self": 0.00467609999998686
                                                                }
                                                            }
                                                        }
                                                    }
                                                }
                                            }
                                        }
                                    }
                                }
                            }
                        },
                        "trainer_advance": {
                            "total": 0.00790589999999014,
                            "count": 33,
                            "self": 0.000992099999969298,
                            "children": {
                                "process_trajectory": {
                                    "total": 0.006913800000020842,
                                    "count": 33,
                                    "self": 0.006913800000020842
                                }
                            }
                        }
                    }
                },