{
    "name": "root",
    "metadata": {
        "timer_format_version": "0.1.0",
        "start_time_seconds": "1714900646",
        "python_version": "3.7.9 (tags/v3.7.9:13c94747c7, Aug 17 2020, 18:58:18) [MSC v.1900 64 bit (AMD64)]",
        "command_line_arguments": "D:\\Unity Projects\\TFG\\venv\\Scripts\\mlagents-learn config/UnitAgent.yaml --time-scale=1 --run-id=test4",
        "mlagents_version": "0.29.0",
        "mlagents_envs_version": "0.29.0",
        "communication_protocol_version": "1.5.0",
        "pytorch_version": "1.13.1+cpu",
        "numpy_version": "1.21.2",
        "end_time_seconds": "1714900770"
    },
    "total": 124.1676975,
    "count": 1,
    "self": 10.013128300000005,
    "children": {
        "run_training.setup": {
            "total": 0.1831258,
            "count": 1,
            "self": 0.1831258
        },
        "TrainerController.start_learning": {
            "total": 113.9714434,
            "count": 1,
            "self": 0.0077055000000285645,
            "children": {
                "TrainerController._reset_env": {
                    "total": 17.1230993,
                    "count": 1,
                    "self": 17.1230993
                },
                "TrainerController.advance": {
                    "total": 96.68748009999996,
                    "count": 201,
                    "self": 0.005523799999764378,
                    "children": {
                        "env_step": {
                            "total": 95.37117520000007,
                            "count": 201,
                            "self": 95.17957220000017,
                            "children": {
                                "SubprocessEnvManager._take_step": {
                                    "total": 0.18816650000000124,
                                    "count": 202,
                                    "self": 0.017024300000013426,
                                    "children": {
                                        "TorchPolicy.evaluate": {
                                            "total": 0.1711421999999878,
                                            "count": 184,
                                            "self": 0.04390279999997304,
                                            "children": {
                                                "TorchPolicy.sample_actions": {
                                                    "total": 0.12723940000001477,
                                                    "count": 184,
                                                    "self": 0.12723940000001477
                                                }
                                            }
                                        }
                                    }
                                },
                                "workers": {
                                    "total": 0.003436499999907028,
                                    "count": 200,
                                    "self": 0.0,
                                    "children": {
                                        "worker_root": {
                                            "total": 56.27612699999998,
                                            "count": 200,
                                            "is_parallel": true,
                                            "self": 1.7845032999999475,
                                            "children": {
                                                "steps_from_proto": {
                                                    "total": 0.001209800000001593,
                                                    "count": 2,
                                                    "is_parallel": true,
                                                    "self": 0.0005647999999993658,
                                                    "children": {
                                                        "_process_rank_one_or_two_observation": {
                                                            "total": 0.0006450000000022271,
                                                            "count": 4,
                                                            "is_parallel": true,
                                                            "self": 0.0006450000000022271
                                                        }
                                                    }
                                                },
                                                "UnityEnvironment.step": {
                                                    "total": 54.490413900000036,
                                                    "count": 200,
                                                    "is_parallel": true,
                                                    "self": 0.023591699999968796,
                                                    "children": {
                                                        "UnityEnvironment._generate_step_input": {
                                                            "total": 0.02057110000002993,
                                                            "count": 200,
                                                            "is_parallel": true,
                                                            "self": 0.02057110000002993
                                                        },
                                                        "communicator.exchange": {
                                                            "total": 54.386603400000034,
                                                            "count": 200,
                                                            "is_parallel": true,
                                                            "self": 54.386603400000034
                                                        },
                                                        "steps_from_proto": {
                                                            "total": 0.05964770000000286,
                                                            "count": 200,
                                                            "is_parallel": true,
                                                            "self": 0.031595099999940146,
                                                            "children": {
                                                                "_process_rank_one_or_two_observation": {
                                                                    "total": 0.02805260000006271,
                                                                    "count": 400,
                                                                    "is_parallel": true,
                                                                    "self": 0.02805260000006271
                                                                }
                                                            }
                                                        }
                                                    }
                                                }
                                            }
                                        }
                                    }
                                }
                            }
                        },
                        "trainer_advance": {
                            "total": 1.3107811000001242,
                            "count": 200,
                            "self": 0.007048000000132504,
                            "children": {
                                "process_trajectory": {
                                    "total": 0.05008749999999296,
                                    "count": 200,
                                    "self": 0.05008749999999296
                                },
                                "_update_policy": {
                                    "total": 1.2536455999999987,